ENCUESTA MENSUAL MANUFACTURERA;;;;;;;;;;
10. Series de índices enlazados  de la producción nominal y real,  ventas nominal y real  y empleo (total y por área funcional),  según clase industrial;;;;;;;;;;
Enero 2001  - noviembre 2021p;;;;;;;;;;
Base 2018=100;;;;;;;;;;
Fecha de publicación enero 14 de 2022;;;;;;;;;;
Fuente. DANE - EMMET;;;;;;;;;;
p: provisionales;;;;;;;;;;
a) agrupa los dominios 1030, 1082 y 1089 ;;;;;;;;;;
b) agrupa los dominios 1300 y 1400;;;;;;;;;;
c) No incluye la mezcla de combustibles;;;;;;;;;;
d) agrupa los dominios 2020, 2023 y 2100;;;;;;;;;;
e) agrupa los dominios 1050 y 1090;;;;;;;;;;
Nota: La diferencia entre el total y la suma de los dominios  se debe a aproximaciones decimales.;;;;;;;;;;
Nota: Se presentan cambios por actualización de información de parte de las fuentes informantes;;;;;;;;;;
;;;;;;;;;Personal según área funcional;
Dominios;AÑO;MES ;Clases industriales;"Producción 
nominal";"Producción 
real";"Ventas
nominal";"Ventas
reales";Empleo  Total;"Personal de 
Administración";"Personal de 
Producción"
1081;2001;1;Elaboración de productos de panadería, macarrones, fideos, y sus productos;29,6;70,5;28,5;67,7;96;86,9;101,6
1081;2001;2;Elaboración de productos de panadería, macarrones, fideos, y sus productos;30,4;71;29,5;68,9;98,9;91,4;103,5
1081;2001;3;Elaboración de productos de panadería, macarrones, fideos, y sus productos;33,4;77,6;33;76,7;98,3;91,7;102,3
1081;2001;4;Elaboración de productos de panadería, macarrones, fideos, y sus productos;33,1;75,8;32,9;75,3;98,1;91,4;101,9
1081;2001;5;Elaboración de productos de panadería, macarrones, fideos, y sus productos;35,3;80,6;34,1;77,9;100,4;94,6;103,7
1081;2001;6;Elaboración de productos de panadería, macarrones, fideos, y sus productos;33;74,9;32,5;73,7;99,8;93,3;103,7
1081;2001;7;Elaboración de productos de panadería, macarrones, fideos, y sus productos;33,4;76,6;33,2;76,2;99,5;94,5;102,3
1081;2001;8;Elaboración de productos de panadería, macarrones, fideos, y sus productos;32,4;74;36,6;83,6;99,5;93,9;102,7
1081;2001;9;Elaboración de productos de panadería, macarrones, fideos, y sus productos;32,7;74,4;32,6;74;96,1;94,1;97,3
1081;2001;10;Elaboración de productos de panadería, macarrones, fideos, y sus productos;34,6;78,5;37,3;84,7;94,5;92;96,2
1081;2001;11;Elaboración de productos de panadería, macarrones, fideos, y sus productos;33,6;76,4;34,2;77,8;94,5;96,5;93,5
1081;2001;12;Elaboración de productos de panadería, macarrones, fideos, y sus productos;31,4;70,7;32,9;74,1;93,4;95,8;92,4
1081;2002;1;Elaboración de productos de panadería, macarrones, fideos, y sus productos;30,5;67,5;28,9;63,9;93,7;93,8;93,4
1081;2002;2;Elaboración de productos de panadería, macarrones, fideos, y sus productos;30,8;67,8;29,9;65,8;92,8;90,8;93,9
1081;2002;3;Elaboración de productos de panadería, macarrones, fideos, y sus productos;31,1;68,1;31,4;68,9;92,7;88,9;94,8
1081;2002;4;Elaboración de productos de panadería, macarrones, fideos, y sus productos;34,1;74,2;34,3;74,7;90,7;84,4;94,2
1081;2002;5;Elaboración de productos de panadería, macarrones, fideos, y sus productos;34,1;73,9;33,8;73,3;92,6;87;95,8
1081;2002;6;Elaboración de productos de panadería, macarrones, fideos, y sus productos;32,3;70;32,3;70;90,8;85,5;94
1081;2002;7;Elaboración de productos de panadería, macarrones, fideos, y sus productos;33,9;74,5;34,7;76,2;92,2;84,5;96,9
1081;2002;8;Elaboración de productos de panadería, macarrones, fideos, y sus productos;34,1;73,5;32,9;70,9;93,5;86,1;98,1
1081;2002;9;Elaboración de productos de panadería, macarrones, fideos, y sus productos;35,6;74,8;36,6;77;90,7;87,2;92,9
1081;2002;10;Elaboración de productos de panadería, macarrones, fideos, y sus productos;40,5;84;39,6;82,6;90,4;86,8;92,8
1081;2002;11;Elaboración de productos de panadería, macarrones, fideos, y sus productos;36,2;75,4;39;81,2;91,5;91,6;91,5
1081;2002;12;Elaboración de productos de panadería, macarrones, fideos, y sus productos;34,1;70,7;35;72,7;90,6;90,4;91,2
1081;2003;1;Elaboración de productos de panadería, macarrones, fideos, y sus productos;32,9;66,8;30,4;61,7;88,7;85,2;90,6
1081;2003;2;Elaboración de productos de panadería, macarrones, fideos, y sus productos;34,4;68,3;33;65,6;88,5;87,1;89,2
1081;2003;3;Elaboración de productos de panadería, macarrones, fideos, y sus productos;37,1;73,8;36,6;72,7;88,7;87,3;89,3
1081;2003;4;Elaboración de productos de panadería, macarrones, fideos, y sus productos;36,7;72,4;36;70,9;88,1;87,2;88,1
1081;2003;5;Elaboración de productos de panadería, macarrones, fideos, y sus productos;39,6;78,2;39,3;77,5;89,1;88,6;89,1
1081;2003;6;Elaboración de productos de panadería, macarrones, fideos, y sus productos;36,8;71,6;35,5;69,1;91,2;88,5;92,7
1081;2003;7;Elaboración de productos de panadería, macarrones, fideos, y sus productos;39,5;77,9;40;79;90,9;86,1;93,7
1081;2003;8;Elaboración de productos de panadería, macarrones, fideos, y sus productos;40,1;78,6;38,3;75,1;95,1;90;98,1
1081;2003;9;Elaboración de productos de panadería, macarrones, fideos, y sus productos;39,5;77,1;39,8;77,8;91,5;90,1;92,4
1081;2003;10;Elaboración de productos de panadería, macarrones, fideos, y sus productos;41,1;79,6;44;85,3;90,7;90,5;90,9
1081;2003;11;Elaboración de productos de panadería, macarrones, fideos, y sus productos;39,9;76,6;42,8;82,2;91,6;94,9;89,8
1081;2003;12;Elaboración de productos de panadería, macarrones, fideos, y sus productos;40,2;76,6;41,5;79,1;90,9;92,7;90,3
1081;2004;1;Elaboración de productos de panadería, macarrones, fideos, y sus productos;37,4;70;36,4;68,2;89,5;88,9;89,6
1081;2004;2;Elaboración de productos de panadería, macarrones, fideos, y sus productos;37;67,8;36,5;67;89,7;89,1;89,8
1081;2004;3;Elaboración de productos de panadería, macarrones, fideos, y sus productos;40,1;73,3;40,5;74;89,9;87,9;90,9
1081;2004;4;Elaboración de productos de panadería, macarrones, fideos, y sus productos;38,9;70,1;38,7;69,8;89,9;87,9;90,6
1081;2004;5;Elaboración de productos de panadería, macarrones, fideos, y sus productos;41,2;73,5;41,9;74,9;91,1;89,6;91,7
1081;2004;6;Elaboración de productos de panadería, macarrones, fideos, y sus productos;40,4;72,1;40,9;73,1;91,1;88;92,9
1081;2004;7;Elaboración de productos de panadería, macarrones, fideos, y sus productos;41,4;75;41,7;75,5;92,2;87,7;94,7
1081;2004;8;Elaboración de productos de panadería, macarrones, fideos, y sus productos;42;75,8;41;74,1;95,1;89,4;98,5
1081;2004;9;Elaboración de productos de panadería, macarrones, fideos, y sus productos;42,9;77,4;43,6;78,6;91,8;89,8;92,9
1081;2004;10;Elaboración de productos de panadería, macarrones, fideos, y sus productos;46;83,1;46,6;84,3;88,8;88,5;89
1081;2004;11;Elaboración de productos de panadería, macarrones, fideos, y sus productos;45,1;81,5;45,9;82,9;91,1;93,7;89,7
1081;2004;12;Elaboración de productos de panadería, macarrones, fideos, y sus productos;42,7;76;43,2;77;89,9;91,5;89,3
1081;2005;1;Elaboración de productos de panadería, macarrones, fideos, y sus productos;38,6;68;35,9;63,2;87,6;88,5;86,6
1081;2005;2;Elaboración de productos de panadería, macarrones, fideos, y sus productos;37,8;65,4;36,8;63,8;87,4;90,7;85,1
1081;2005;3;Elaboración de productos de panadería, macarrones, fideos, y sus productos;38,5;66,6;40,5;70,1;86,9;90,8;84
1081;2005;4;Elaboración de productos de panadería, macarrones, fideos, y sus productos;42,1;72,4;41,8;71,9;86,8;89,5;84,5
1081;2005;5;Elaboración de productos de panadería, macarrones, fideos, y sus productos;40,7;69,4;42,4;72,5;88,1;93,9;84,1
1081;2005;6;Elaboración de productos de panadería, macarrones, fideos, y sus productos;42;71,1;41,3;69,9;88,7;93,9;85,1
1081;2005;7;Elaboración de productos de panadería, macarrones, fideos, y sus productos;41,9;71,3;41,8;71,1;89,9;93;87,2
1081;2005;8;Elaboración de productos de panadería, macarrones, fideos, y sus productos;43,1;73,2;43,3;73,6;92,1;93,9;90,3
1081;2005;9;Elaboración de productos de panadería, macarrones, fideos, y sus productos;43,8;74,2;45,9;77,7;89;93,9;85,8
1081;2005;10;Elaboración de productos de panadería, macarrones, fideos, y sus productos;46;77,9;47,7;80,9;88,9;92,7;86,4
1081;2005;11;Elaboración de productos de panadería, macarrones, fideos, y sus productos;44,6;75,8;47,4;80,5;90,1;96,8;86,2
1081;2005;12;Elaboración de productos de panadería, macarrones, fideos, y sus productos;40,4;68,2;42,8;72,3;89,2;95,3;85,8
1081;2006;1;Elaboración de productos de panadería, macarrones, fideos, y sus productos;40,3;67,4;37,5;62,7;86,5;89,3;84,4
1081;2006;2;Elaboración de productos de panadería, macarrones, fideos, y sus productos;42,8;70,9;41,9;69,4;87,6;91,9;84,8
1081;2006;3;Elaboración de productos de panadería, macarrones, fideos, y sus productos;48,3;79,4;47,3;77,8;87,9;91,2;85,4
1081;2006;4;Elaboración de productos de panadería, macarrones, fideos, y sus productos;41,8;68,7;43,3;71,3;87,8;89,7;86
1081;2006;5;Elaboración de productos de panadería, macarrones, fideos, y sus productos;46,9;77,3;46,8;77,2;90,4;92,8;88,5
1081;2006;6;Elaboración de productos de panadería, macarrones, fideos, y sus productos;46,5;77,5;45,8;76,3;91,6;92,8;90,6
1081;2006;7;Elaboración de productos de panadería, macarrones, fideos, y sus productos;47,4;80;46,8;78,9;93,1;89,5;94,9
1081;2006;8;Elaboración de productos de panadería, macarrones, fideos, y sus productos;50,4;83,8;49,2;81,7;94,7;91,7;96,2
1081;2006;9;Elaboración de productos de panadería, macarrones, fideos, y sus productos;50,6;83,2;51,4;84,5;90,5;89,5;91,1
1081;2006;10;Elaboración de productos de panadería, macarrones, fideos, y sus productos;52,5;86,5;53,3;87,8;90,6;88,8;91,8
1081;2006;11;Elaboración de productos de panadería, macarrones, fideos, y sus productos;52,1;85,9;51,6;85,1;92,9;93,5;92,7
1081;2006;12;Elaboración de productos de panadería, macarrones, fideos, y sus productos;47;77,3;48,4;79,6;94;92,2;95,6
1081;2007;1;Elaboración de productos de panadería, macarrones, fideos, y sus productos;49,8;81,1;45,9;74,7;92,5;87,4;95,5
1081;2007;2;Elaboración de productos de panadería, macarrones, fideos, y sus productos;47,5;76,9;45,2;73,1;91,7;89,1;93,1
1081;2007;3;Elaboración de productos de panadería, macarrones, fideos, y sus productos;50,6;81,3;49,4;79,4;92,7;89;94,8
1081;2007;4;Elaboración de productos de panadería, macarrones, fideos, y sus productos;47,6;76,2;48,6;77,9;91,5;87;93,9
1081;2007;5;Elaboración de productos de panadería, macarrones, fideos, y sus productos;51,7;83;52;83,6;93,1;89,4;95,1
1081;2007;6;Elaboración de productos de panadería, macarrones, fideos, y sus productos;50,3;81,4;51,2;83;93,7;88,9;96,6
1081;2007;7;Elaboración de productos de panadería, macarrones, fideos, y sus productos;50,9;83,3;51,4;84,1;96,1;87,9;101,1
1081;2007;8;Elaboración de productos de panadería, macarrones, fideos, y sus productos;55,1;89,5;54,2;88,2;99,7;89,2;106,3
1081;2007;9;Elaboración de productos de panadería, macarrones, fideos, y sus productos;56,3;90,5;56,7;91,2;95,5;89;99,7
1081;2007;10;Elaboración de productos de panadería, macarrones, fideos, y sus productos;59,7;94,8;60,6;96,3;94,6;88,2;98,7
1081;2007;11;Elaboración de productos de panadería, macarrones, fideos, y sus productos;56,8;89,8;59,3;93,8;95,8;93,4;97,5
1081;2007;12;Elaboración de productos de panadería, macarrones, fideos, y sus productos;50,5;78,7;53,2;82,9;95,6;91,7;98,5
1081;2008;1;Elaboración de productos de panadería, macarrones, fideos, y sus productos;51,4;79,6;48,4;74,9;95,9;89,8;99,5
1081;2008;2;Elaboración de productos de panadería, macarrones, fideos, y sus productos;54,7;81,8;53,8;80,5;95,1;91,3;97,3
1081;2008;3;Elaboración de productos de panadería, macarrones, fideos, y sus productos;55,6;81,6;57,2;84;95,7;90,8;98,5
1081;2008;4;Elaboración de productos de panadería, macarrones, fideos, y sus productos;60,8;88,1;60,3;87,5;95,2;90,2;97,9
1081;2008;5;Elaboración de productos de panadería, macarrones, fideos, y sus productos;63,5;91,7;63,3;91,6;97,1;93;99,4
1081;2008;6;Elaboración de productos de panadería, macarrones, fideos, y sus productos;60,1;86,3;57;81,9;98,4;93,4;101,3
1081;2008;7;Elaboración de productos de panadería, macarrones, fideos, y sus productos;63,8;92,5;61,7;89,4;99,5;93,6;103
1081;2008;8;Elaboración de productos de panadería, macarrones, fideos, y sus productos;59,9;86,6;61,3;88,7;101,6;95,9;104,9
1081;2008;9;Elaboración de productos de panadería, macarrones, fideos, y sus productos;62,8;90,4;65,4;94,2;96,5;94,8;97,5
1081;2008;10;Elaboración de productos de panadería, macarrones, fideos, y sus productos;66,9;96,2;71,8;103,4;96;94,3;97
1081;2008;11;Elaboración de productos de panadería, macarrones, fideos, y sus productos;60,9;87,5;64,2;92;97,8;100;96,6
1081;2008;12;Elaboración de productos de panadería, macarrones, fideos, y sus productos;58,2;83,4;64;91,5;96,5;99,1;95,3
1081;2009;1;Elaboración de productos de panadería, macarrones, fideos, y sus productos;56,8;80,2;54,5;77;95,6;95;95,7
1081;2009;2;Elaboración de productos de panadería, macarrones, fideos, y sus productos;59,1;81,8;57,7;79,9;95,9;96,9;95,1
1081;2009;3;Elaboración de productos de panadería, macarrones, fideos, y sus productos;61;84,2;62;85,6;95,2;95;94,9
1081;2009;4;Elaboración de productos de panadería, macarrones, fideos, y sus productos;60,2;83,1;61,6;85;95,2;94,1;95,3
1081;2009;5;Elaboración de productos de panadería, macarrones, fideos, y sus productos;61,9;85,5;62,1;86;97,8;98,2;97,1
1081;2009;6;Elaboración de productos de panadería, macarrones, fideos, y sus productos;60,6;84;59,3;82,3;97,4;98,3;96,4
1081;2009;7;Elaboración de productos de panadería, macarrones, fideos, y sus productos;66,3;93;66,8;93,7;99,1;97,3;99,6
1081;2009;8;Elaboración de productos de panadería, macarrones, fideos, y sus productos;63,4;88,7;63,8;89,3;101,9;98,9;103,3
1081;2009;9;Elaboración de productos de panadería, macarrones, fideos, y sus productos;66,6;91,9;63,8;88,1;97,8;99,5;96,7
1081;2009;10;Elaboración de productos de panadería, macarrones, fideos, y sus productos;70,6;97,2;71,3;98,2;97,2;98,9;96
1081;2009;11;Elaboración de productos de panadería, macarrones, fideos, y sus productos;58,1;80;64,7;89;97,7;103,9;94,1
1081;2009;12;Elaboración de productos de panadería, macarrones, fideos, y sus productos;58,9;80,4;63,2;86,1;97,3;103;94,1
1081;2010;1;Elaboración de productos de panadería, macarrones, fideos, y sus productos;56;75,6;52,1;70,6;96,1;98,4;94,2
1081;2010;2;Elaboración de productos de panadería, macarrones, fideos, y sus productos;58;77,5;58;77,6;95,2;99;92,6
1081;2010;3;Elaboración de productos de panadería, macarrones, fideos, y sus productos;65,1;87,5;67,3;90,3;96,4;97,8;95,1
1081;2010;4;Elaboración de productos de panadería, macarrones, fideos, y sus productos;62,8;84,1;63,4;84,8;96,4;95,9;96,1
1081;2010;5;Elaboración de productos de panadería, macarrones, fideos, y sus productos;65,6;87,1;64,4;85,6;97,4;98;96,7
1081;2010;6;Elaboración de productos de panadería, macarrones, fideos, y sus productos;66,4;88,3;63,2;84;96;96;95,8
1081;2010;7;Elaboración de productos de panadería, macarrones, fideos, y sus productos;67,4;90,8;66,6;89,8;97,7;95,3;98,8
1081;2010;8;Elaboración de productos de panadería, macarrones, fideos, y sus productos;62,8;84,7;64,7;87,3;99,9;98,1;100,5
1081;2010;9;Elaboración de productos de panadería, macarrones, fideos, y sus productos;68;91,5;67,7;91,1;96,7;98;95,8
1081;2010;10;Elaboración de productos de panadería, macarrones, fideos, y sus productos;71,3;95,9;74,9;100,9;96,6;98,8;95,3
1081;2010;11;Elaboración de productos de panadería, macarrones, fideos, y sus productos;71,2;95,5;71,3;95,7;98,2;101,9;96,1
1081;2010;12;Elaboración de productos de panadería, macarrones, fideos, y sus productos;67,2;89,6;71,1;94,7;97,5;99,6;96,5
1081;2011;1;Elaboración de productos de panadería, macarrones, fideos, y sus productos;64,7;84,5;59,1;77,2;96,8;96,1;96,9
1081;2011;2;Elaboración de productos de panadería, macarrones, fideos, y sus productos;63,9;81,4;63,8;81,3;96,1;97,2;95,2
1081;2011;3;Elaboración de productos de panadería, macarrones, fideos, y sus productos;75,1;95,9;74,2;94,6;97,2;97,6;96,5
1081;2011;4;Elaboración de productos de panadería, macarrones, fideos, y sus productos;67,6;86,4;68,4;87,5;96,5;98,3;94,7
1081;2011;5;Elaboración de productos de panadería, macarrones, fideos, y sus productos;73,4;94;73,8;94,6;99;103,2;95,8
1081;2011;6;Elaboración de productos de panadería, macarrones, fideos, y sus productos;71,9;92,1;70,9;90,9;100,1;102,7;98,1
1081;2011;7;Elaboración de productos de panadería, macarrones, fideos, y sus productos;71,9;93,5;70,9;92,1;100,9;100,8;100,4
1081;2011;8;Elaboración de productos de panadería, macarrones, fideos, y sus productos;73,8;95,3;72,8;94;102,9;101,3;103,4
1081;2011;9;Elaboración de productos de panadería, macarrones, fideos, y sus productos;74,1;95,3;77,7;99,9;98,6;100,5;97,3
1081;2011;10;Elaboración de productos de panadería, macarrones, fideos, y sus productos;76,4;97,4;79,3;101,2;98,2;99,5;97,4
1081;2011;11;Elaboración de productos de panadería, macarrones, fideos, y sus productos;77;97,7;80,6;102,4;101,2;105,9;98,6
1081;2011;12;Elaboración de productos de panadería, macarrones, fideos, y sus productos;75,2;95,1;77,1;97,4;101,2;105,7;98,8
1081;2012;1;Elaboración de productos de panadería, macarrones, fideos, y sus productos;70,2;87,6;64,4;80,4;99,3;98,2;99,7
1081;2012;2;Elaboración de productos de panadería, macarrones, fideos, y sus productos;76,4;94,4;71,4;88,4;99,9;99,7;99,8
1081;2012;3;Elaboración de productos de panadería, macarrones, fideos, y sus productos;76,1;94,3;75,9;94,2;100,7;98,6;101,7
1081;2012;4;Elaboración de productos de panadería, macarrones, fideos, y sus productos;66,7;82,3;72;89,1;98,4;95,4;99,7
1081;2012;5;Elaboración de productos de panadería, macarrones, fideos, y sus productos;78,2;96,7;77;95,4;100,7;99,5;101
1081;2012;6;Elaboración de productos de panadería, macarrones, fideos, y sus productos;75,9;93,9;73,8;91,5;103;101,3;103,9
1081;2012;7;Elaboración de productos de panadería, macarrones, fideos, y sus productos;77,1;96,4;74,7;93,5;104,6;101,8;105,9
1081;2012;8;Elaboración de productos de panadería, macarrones, fideos, y sus productos;78,3;97,7;76,8;95,9;105,4;101,8;107,2
1081;2012;9;Elaboración de productos de panadería, macarrones, fideos, y sus productos;79;98,3;80,1;99,7;101,1;102,4;100,2
1081;2012;10;Elaboración de productos de panadería, macarrones, fideos, y sus productos;84,1;104,9;84,8;105,8;100,9;101;100,8
1081;2012;11;Elaboración de productos de panadería, macarrones, fideos, y sus productos;76,9;95,8;80,1;99,9;102,1;106,7;99,4
1081;2012;12;Elaboración de productos de panadería, macarrones, fideos, y sus productos;69,1;85,8;77,7;96,3;100,9;103,9;99,4
1081;2013;1;Elaboración de productos de panadería, macarrones, fideos, y sus productos;71,5;87;66,5;81;101,1;102,6;99,8
1081;2013;2;Elaboración de productos de panadería, macarrones, fideos, y sus productos;70;84,5;69,9;84,4;100,3;103,4;98,2
1081;2013;3;Elaboración de productos de panadería, macarrones, fideos, y sus productos;73;88,3;75,3;91;100,6;97,6;102,2
1081;2013;4;Elaboración de productos de panadería, macarrones, fideos, y sus productos;78;94;77,4;93,3;100,7;96,3;103
1081;2013;5;Elaboración de productos de panadería, macarrones, fideos, y sus productos;80,1;97,1;80,8;97,9;103,3;99,3;105,5
1081;2013;6;Elaboración de productos de panadería, macarrones, fideos, y sus productos;72,4;87,5;75,4;91,1;104,4;100;106,8
1081;2013;7;Elaboración de productos de panadería, macarrones, fideos, y sus productos;77,7;94,5;78,7;95,9;104,9;98,5;108,7
1081;2013;8;Elaboración de productos de panadería, macarrones, fideos, y sus productos;79,6;96,5;78,5;95,3;107,4;100,1;111,8
1081;2013;9;Elaboración de productos de panadería, macarrones, fideos, y sus productos;78;94,3;81,8;98,9;103,6;101,5;104,9
1081;2013;10;Elaboración de productos de panadería, macarrones, fideos, y sus productos;83,7;101,3;89,1;107,9;103,9;99,5;106,8
1081;2013;11;Elaboración de productos de panadería, macarrones, fideos, y sus productos;85,5;103,7;84,1;101,9;103,5;103,9;103,5
1081;2013;12;Elaboración de productos de panadería, macarrones, fideos, y sus productos;75,7;91,4;80,1;96,6;103,2;103,1;103,8
1081;2014;1;Elaboración de productos de panadería, macarrones, fideos, y sus productos;75,7;90,1;70,8;84,3;101,4;96,8;104,1
1081;2014;2;Elaboración de productos de panadería, macarrones, fideos, y sus productos;74;87,2;75,4;88,9;100,1;97,2;101,7
1081;2014;3;Elaboración de productos de panadería, macarrones, fideos, y sus productos;81,9;96,7;81,9;96,7;100,5;96,2;102,9
1081;2014;4;Elaboración de productos de panadería, macarrones, fideos, y sus productos;77,8;91,7;80,2;94,5;101,5;96,3;104,2
1081;2014;5;Elaboración de productos de panadería, macarrones, fideos, y sus productos;84,3;99,7;85;100,6;104;101,4;105,3
1081;2014;6;Elaboración de productos de panadería, macarrones, fideos, y sus productos;73,4;86,9;76,8;90,9;104,9;103,2;105,6
1081;2014;7;Elaboración de productos de panadería, macarrones, fideos, y sus productos;85,7;101,7;85,9;101,9;106,8;103,2;108,6
1081;2014;8;Elaboración de productos de panadería, macarrones, fideos, y sus productos;83,8;99,2;83,6;99;108,3;104,5;110,2
1081;2014;9;Elaboración de productos de panadería, macarrones, fideos, y sus productos;85,6;101;88,6;104,6;104,3;104,5;104,1
1081;2014;10;Elaboración de productos de panadería, macarrones, fideos, y sus productos;91,8;108,4;95,6;112,9;103,8;104,2;103,6
1081;2014;11;Elaboración de productos de panadería, macarrones, fideos, y sus productos;85,1;100,5;89,7;105,9;104,1;104,2;104,2
1081;2014;12;Elaboración de productos de panadería, macarrones, fideos, y sus productos;82,5;96,9;86,8;101,9;104;105,4;103,7
1081;2015;1;Elaboración de productos de panadería, macarrones, fideos, y sus productos;73,9;86,1;71,4;83,2;94,3;91,9;95,8
1081;2015;2;Elaboración de productos de panadería, macarrones, fideos, y sus productos;77,1;89,4;75,5;87,6;95,4;94,9;95,7
1081;2015;3;Elaboración de productos de panadería, macarrones, fideos, y sus productos;83,1;94,9;80;91,4;96,1;94,6;96,9
1081;2015;4;Elaboración de productos de panadería, macarrones, fideos, y sus productos;81,2;92,9;80,2;91,8;97;95,6;97,7
1081;2015;5;Elaboración de productos de panadería, macarrones, fideos, y sus productos;80,7;91;80,4;90,8;98,7;96,1;100
1081;2015;6;Elaboración de productos de panadería, macarrones, fideos, y sus productos;79,2;88,5;78,1;87,3;99,5;97,3;100,6
1081;2015;7;Elaboración de productos de panadería, macarrones, fideos, y sus productos;81,9;91,9;85,6;96,1;101,4;98,8;102,7
1081;2015;8;Elaboración de productos de panadería, macarrones, fideos, y sus productos;86,9;97;86,2;96,3;102,8;101,5;103,3
1081;2015;9;Elaboración de productos de panadería, macarrones, fideos, y sus productos;91,8;101,2;90,4;99,7;102;99;103,5
1081;2015;10;Elaboración de productos de panadería, macarrones, fideos, y sus productos;95;104,4;97,4;107,1;101,6;97,7;103,6
1081;2015;11;Elaboración de productos de panadería, macarrones, fideos, y sus productos;89,2;97,9;91,8;100,8;101,7;97,5;104,1
1081;2015;12;Elaboración de productos de panadería, macarrones, fideos, y sus productos;87,8;95,7;90,6;98,7;101,3;99,6;102,6
1081;2016;1;Elaboración de productos de panadería, macarrones, fideos, y sus productos;80,7;86,7;77,6;83,3;95;90,8;97,4
1081;2016;2;Elaboración de productos de panadería, macarrones, fideos, y sus productos;86,5;91,2;86,1;90,8;95,7;92;97,7
1081;2016;3;Elaboración de productos de panadería, macarrones, fideos, y sus productos;89,7;94,4;90,2;95;96,7;92,5;99,1
1081;2016;4;Elaboración de productos de panadería, macarrones, fideos, y sus productos;94,3;99,1;92,6;97,4;98;93,3;100,5
1081;2016;5;Elaboración de productos de panadería, macarrones, fideos, y sus productos;95,5;100,6;95,7;100,9;99,7;95,1;102,1
1081;2016;6;Elaboración de productos de panadería, macarrones, fideos, y sus productos;95;99,9;92;96,8;100,1;96,3;102,1
1081;2016;7;Elaboración de productos de panadería, macarrones, fideos, y sus productos;90;94,6;94,8;99,8;102;98;104
1081;2016;8;Elaboración de productos de panadería, macarrones, fideos, y sus productos;103,9;108,8;104,6;109,6;104,3;100;106,5
1081;2016;9;Elaboración de productos de panadería, macarrones, fideos, y sus productos;104,2;108,8;102,6;107,2;104,1;100,6;106
1081;2016;10;Elaboración de productos de panadería, macarrones, fideos, y sus productos;106,8;110,9;107,6;111,8;104;100,6;105,8
1081;2016;11;Elaboración de productos de panadería, macarrones, fideos, y sus productos;106,6;110,3;107,6;111,4;104,9;103;106
1081;2016;12;Elaboración de productos de panadería, macarrones, fideos, y sus productos;100,6;104;102,4;105,9;104;103,2;104,7
1081;2017;1;Elaboración de productos de panadería, macarrones, fideos, y sus productos;94,3;97;89,4;92;97,2;94,1;98,9
1081;2017;2;Elaboración de productos de panadería, macarrones, fideos, y sus productos;92,8;94,8;89;91;97,9;95,1;99,5
1081;2017;3;Elaboración de productos de panadería, macarrones, fideos, y sus productos;97,8;99,4;96,1;97,7;98,3;95,1;100,2
1081;2017;4;Elaboración de productos de panadería, macarrones, fideos, y sus productos;89,6;91;90,7;92,1;99,8;96,7;101,4
1081;2017;5;Elaboración de productos de panadería, macarrones, fideos, y sus productos;97,8;99,3;94,4;95,9;100,8;99,3;101,5
1081;2017;6;Elaboración de productos de panadería, macarrones, fideos, y sus productos;97,3;99,1;97,2;99;100,8;100,5;100,9
1081;2017;7;Elaboración de productos de panadería, macarrones, fideos, y sus productos;96,8;98,6;97,3;99,1;101,8;100,7;102,2
1081;2017;8;Elaboración de productos de panadería, macarrones, fideos, y sus productos;104,8;106,7;103,1;104,9;103,7;103,6;103,6
1081;2017;9;Elaboración de productos de panadería, macarrones, fideos, y sus productos;104,3;105,7;101,7;103,2;103,4;102,4;103,8
1081;2017;10;Elaboración de productos de panadería, macarrones, fideos, y sus productos;105,6;106,7;104,1;105,2;102,7;102,5;102,8
1081;2017;11;Elaboración de productos de panadería, macarrones, fideos, y sus productos;101,8;103;105,8;106,8;103;103,4;102,9
1081;2017;12;Elaboración de productos de panadería, macarrones, fideos, y sus productos;92,7;94;99,1;100,4;101,8;105,4;100,2
1081;2018;1;Elaboración de productos de panadería, macarrones, fideos, y sus productos;93,3;94;90,7;91,4;97,8;98,5;97,5
1081;2018;2;Elaboración de productos de panadería, macarrones, fideos, y sus productos;92,4;92,5;91,9;92;97,2;97,8;97
1081;2018;3;Elaboración de productos de panadería, macarrones, fideos, y sus productos;95,4;95,4;97,4;97,3;98,4;98,7;98,2
1081;2018;4;Elaboración de productos de panadería, macarrones, fideos, y sus productos;97,4;97,5;99,5;99,7;99,5;98,9;99,8
1081;2018;5;Elaboración de productos de panadería, macarrones, fideos, y sus productos;103,3;103,4;102,9;102,9;100;98,7;100,5
1081;2018;6;Elaboración de productos de panadería, macarrones, fideos, y sus productos;97,7;98;98;98,3;100,8;99,6;101,4
1081;2018;7;Elaboración de productos de panadería, macarrones, fideos, y sus productos;100,2;100,4;98,6;98,8;101,2;100,1;101,6
1081;2018;8;Elaboración de productos de panadería, macarrones, fideos, y sus productos;109,7;109,8;105,9;106;101,7;100,8;102,1
1081;2018;9;Elaboración de productos de panadería, macarrones, fideos, y sus productos;104,5;104,3;101,3;101,2;101,8;101,1;102,1
1081;2018;10;Elaboración de productos de panadería, macarrones, fideos, y sus productos;110,8;110,4;108,1;107,8;101,3;101,2;101,4
1081;2018;11;Elaboración de productos de panadería, macarrones, fideos, y sus productos;102,5;102;105,2;104,6;100,9;102,5;100,3
1081;2018;12;Elaboración de productos de panadería, macarrones, fideos, y sus productos;92,9;92,2;100,6;99,9;99,3;102,2;98,1
1081;2019;1;Elaboración de productos de panadería, macarrones, fideos, y sus productos;97,2;95,4;92,3;90,7;98,6;99,1;98,3
1081;2019;2;Elaboración de productos de panadería, macarrones, fideos, y sus productos;98,6;96,8;96,6;94,8;99;99,5;98,8
1081;2019;3;Elaboración de productos de panadería, macarrones, fideos, y sus productos;107,4;105;105,8;103,5;99,9;98,8;100,3
1081;2019;4;Elaboración de productos de panadería, macarrones, fideos, y sus productos;103,5;101,2;105,7;103,4;100,4;99,8;100,7
1081;2019;5;Elaboración de productos de panadería, macarrones, fideos, y sus productos;114,8;112;109,7;107,1;101,5;100,3;102
1081;2019;6;Elaboración de productos de panadería, macarrones, fideos, y sus productos;106,6;103,7;105,4;102,5;101,1;99,7;101,7
1081;2019;7;Elaboración de productos de panadería, macarrones, fideos, y sus productos;116,7;112,8;114,2;110,4;103,5;102;104,1
1081;2019;8;Elaboración de productos de panadería, macarrones, fideos, y sus productos;117,8;113,4;114,7;110,5;103,8;101,5;104,7
1081;2019;9;Elaboración de productos de panadería, macarrones, fideos, y sus productos;116,8;112,4;115,5;111,3;103,5;101,1;104,5
1081;2019;10;Elaboración de productos de panadería, macarrones, fideos, y sus productos;125,3;120,7;122;117,5;104,4;101,6;105,5
1081;2019;11;Elaboración de productos de panadería, macarrones, fideos, y sus productos;116,6;112;116,2;111,5;103,6;101,8;104,4
1081;2019;12;Elaboración de productos de panadería, macarrones, fideos, y sus productos;110,8;106,2;114,7;109,9;101,3;102,5;100,8
1081;2020;1;Elaboración de productos de panadería, macarrones, fideos, y sus productos;106,2;101,3;101,2;96,5;100;100,5;99,8
1081;2020;2;Elaboración de productos de panadería, macarrones, fideos, y sus productos;109,2;102,67;107,11;100,4;101,5;102,1;101,3
1081;2020;3;Elaboración de productos de panadería, macarrones, fideos, y sus productos;115,41;108,32;115,35;107,16;100,4;100,7;100,3
1081;2020;4;Elaboración de productos de panadería, macarrones, fideos, y sus productos;113,71;105,59;115,96;107,34;97,3;95,2;98,2
1081;2020;5;Elaboración de productos de panadería, macarrones, fideos, y sus productos;123,42;114,7;119,74;110,17;97,1;94,9;98,1
1081;2020;6;Elaboración de productos de panadería, macarrones, fideos, y sus productos;115,24;106,61;114,19;104,92;97,4;94,5;98,6
1081;2020;7;Elaboración de productos de panadería, macarrones, fideos, y sus productos;122,45;112,61;119,42;109,39;97,8;95,4;98,8
1081;2020;8;Elaboración de productos de panadería, macarrones, fideos, y sus productos;127,74;117,02;122,98;111,64;97,3;94,2;98,5
1081;2020;9;Elaboración de productos de panadería, macarrones, fideos, y sus productos;124,31;113,58;120,72;109,83;96,6;93,7;97,9
1081;2020;10;Elaboración de productos de panadería, macarrones, fideos, y sus productos;132,51;120,98;127,65;115,77;96,6;93,5;97,9
1081;2020;11;Elaboración de productos de panadería, macarrones, fideos, y sus productos;122,85;111,85;122,34;110,51;96,4;93,5;97,7
1081;2020;12;Elaboración de productos de panadería, macarrones, fideos, y sus productos;114,28;103,77;118,82;107,47;96,3;94,2;97,1
1081;2021;1;Elaboración de productos de panadería, macarrones, fideos, y sus productos;113,6;102,33;106,36;95,49;93,8;91;95
1081;2021;2;Elaboración de productos de panadería, macarrones, fideos, y sus productos;115,96;103,59;111,78;99,35;92,8;90,7;93,7
1081;2021;3;Elaboración de productos de panadería, macarrones, fideos, y sus productos;124,04;110,48;121,07;106,8;92,4;90,6;93,2
1081;2021;4;Elaboración de productos de panadería, macarrones, fideos, y sus productos;120,99;107,11;121,26;106,87;92,4;89,2;93,8
1081;2021;5;Elaboración de productos de panadería, macarrones, fideos, y sus productos;132,46;117,19;125,4;110,07;91,9;88,8;93,1
1081;2021;6;Elaboración de productos de panadería, macarrones, fideos, y sus productos;123,33;108,7;119,94;105,15;91,8;88,8;93,1
1081;2021;7;Elaboración de productos de panadería, macarrones, fideos, y sus productos;132,66;116,2;127,35;111,03;94,1;88,6;96,4
1081;2021;8;Elaboración de productos de panadería, macarrones, fideos, y sus productos;136,4;119,03;129,79;112,59;96;89,4;98,8
1081;2021;9;Elaboración de productos de panadería, macarrones, fideos, y sus productos;133,75;116,53;128,88;111,91;95,9;89,4;98,7
1081;2021;10;Elaboración de productos de panadería, macarrones, fideos, y sus productos;142,92;124,52;136,33;118,09;96,1;89;99,1
1081;2021;11;Elaboración de productos de panadería, macarrones, fideos, y sus productos;132,67;115,28;130,44;112,69;96,6;90,5;99,1
